Segment,Annual Income (k$),Spending Score (1-100),Estimated_CLV,Customer_Count
"Careless (Low Income, High Spend)",88.2,17.114285714285714,59900,35
"Champions (High Income, High Spend)",26.304347826086957,20.91304347826087,48100,23
"Sensible (Low Income, Low Spend)",25.727272727272727,79.36363636363636,174600,22
"Standard (Mid Income, Mid Spend)",86.53846153846153,82.12820512820512,320300,39
"Target (High Income, Low Spend)",55.2962962962963,49.51851851851852,401100,81
